"diagnostic centres, gaziantep, turkiye"
"diagnostic centres, amasya, turkiye"
"diagnostic centres, mardin, turkiye"
"diagnostic centres, edirne, turkiye"
"diagnostic centres, karabük, turkiye"
"diagnostic centres, isparta, turkiye"
"diagnostic centres, kastamonu, turkiye"
"diagnostic centres, çanakkale, turkiye"
"diagnostic centres, sakarya, turkiye"
"diagnostic centres, burdur, turkiye"
"diagnostic centres, ardahan, turkiye"
"diagnostic centres, kütahya, turkiye"
"diagnostic centres, şanlıurfa, turkiye"
"diagnostic centres, sinop, turkiye"
"diagnostic centres, manisa, turkiye"
"diagnostic centres, bilecik, turkiye"
"diagnostic centres, yozgat, turkiye"
"diagnostic centres, hatay, turkiye"
"diagnostic centres, balıkesir, turkiye"
"diagnostic centres, gümüşhane, turkiye"
"diagnostic centres, ankara, turkiye"
"diagnostic centres, samsun, turkiye"
"diagnostic centres, muş, turkiye"
"diagnostic centres, bitlis, turkiye"
"diagnostic centres, bursa, turkiye"
"diagnostic centres, zonguldak, turkiye"
"diagnostic centres, rize, turkiye"
"diagnostic centres, denizli, turkiye"
"diagnostic centres, afyon, turkiye"
"diagnostic centres, aksaray, turkiye"
"diagnostic centres, artvin, turkiye"
"diagnostic centres, uşak, turkiye"
"diagnostic centres, muğla, turkiye"
"diagnostic centres, i̇zmir, turkiye"
"diagnostic centres, düzce, turkiye"
"diagnostic centres, kırşehir, turkiye"
"diagnostic centres, bartın, turkiye"
"diagnostic centres, hakkâri, turkiye"
"diagnostic centres, şırnak, turkiye"
"diagnostic centres, kars, turkiye"
"diagnostic centres, erzincan, turkiye"
"diagnostic centres, elazığ, turkiye"
"diagnostic centres, eskişehir, turkiye"
"diagnostic centres, mersin, turkiye"
"diagnostic centres, erzurum, turkiye"
"diagnostic centres, giresun, turkiye"
"diagnostic centres, nevşehir, turkiye"
"diagnostic centres, van, turkiye"
"diagnostic centres, tunceli, turkiye"
"diagnostic centres, kırıkkale, turkiye"
"diagnostic centres, trabzon, turkiye"
"diagnostic centres, siirt, turkiye"
"diagnostic centres, kocaeli, turkiye"
"diagnostic centres, karaman, turkiye"
"diagnostic centres, adıyaman, turkiye"
"diagnostic centres, batman, turkiye"
"diagnostic centres, çankırı, turkiye"
"diagnostic centres, istanbul, turkiye"
"diagnostic centres, kahramanmaraş, turkiye"
"diagnostic centres, konya, turkiye"
"diagnostic centres, antalya, turkiye"
"diagnostic centres, kilis, turkiye"
"diagnostic centres, adana, turkiye"
"diagnostic centres, tokat, turkiye"
"diagnostic centres, bolu, turkiye"
"diagnostic centres, çorum, turkiye"
"diagnostic centres, sivas, turkiye"
"diagnostic centres, niğde, turkiye"
"diagnostic centres, ağrı, turkiye"
"diagnostic centres, iğdır, turkiye"
"diagnostic centres, kırklareli, turkiye"
"diagnostic centres, kayseri, turkiye"
"diagnostic centres, aydın, turkiye"
"diagnostic centres, tekirdağ, turkiye"
"diagnostic centres, bingöl, turkiye"
"diagnostic centres, bayburt, turkiye"
"diagnostic centres, yalova, turkiye"
"diagnostic centres, diyarbakır, turkiye"
"diagnostic centres, osmaniye, turkiye"
"diagnostic centres, malatya, turkiye"
